{
    "epochs_run": 3,
    "loss": [
        0.07520007342100143,
        0.04805517941713333,
        0.047679025679826736
    ],
    "gwl_pred_loss": [
        0.08710387349128723,
        0.06927040964365005,
        0.06936410069465637
    ],
    "subs_pred_loss": [
        0.03164816275238991,
        0.013419978320598602,
        0.012996982783079147
    ],
    "total_loss": [
        0.04746927320957184,
        0.04984626919031143,
        0.04624251648783684
    ],
    "data_loss": [
        0.04746675118803978,
        0.04984499514102936,
        0.04624159634113312
    ],
    "physics_loss": [
        2.5212673335772706e-06,
        1.2754971976391971e-06,
        9.203311037708772e-07
    ],
    "consolidation_loss": [
        2.521263468224788e-06,
        1.2754913996104733e-06,
        9.203240551869385e-07
    ],
    "gw_flow_loss": [
        3.8695045431746955e-12,
        5.815277513004924e-12,
        7.042574422938541e-12
    ],
    "val_loss": [
        0.034559354186058044,
        0.034908026456832886,
        0.03448943793773651
    ],
    "val_gwl_pred_loss": [
        0.06911870837211609,
        0.06981605291366577,
        0.06897887587547302
    ],
    "val_subs_pred_loss": [
        0.0,
        0.0,
        0.0
    ]
}