city,split,interval_source,forecast_step,coverage80,sharpness80,emp_q10,emp_q50,emp_q90
Nansha,auto,csv,0,0.8671560826188888,33.37800877236857,0.03538853808374831,0.4245940072214522,0.9025446207026371
Nansha,auto,csv,1,0.9790543662405667,23.244874687581664,0.0037989629857795573,0.48154422711638173,0.9828533292263463
Nansha,auto,csv,2,0.8223728117459829,27.592224706985775,0.04440679706350429,0.3984804148056882,0.8667796088094871
Nansha,auto,csv,3,0.8000410698701166,49.29692692253824,0.057959854201961085,0.3937573797422866,0.8580009240720776
Zhongshan,auto,csv,0,0.8056718652021765,3.544188049398009,0.05225505862680448,0.3426178772983798,0.857926923828981
Zhongshan,auto,csv,1,0.8215911159657746,2.9107074069566155,0.05702206849121104,0.32139895220179215,0.8786131844569857
Zhongshan,auto,csv,2,0.797439164997876,3.772575974545498,0.05119647227784858,0.34818051257155574,0.8486356372757247
Zhongshan,auto,csv,3,0.7979853146428788,3.949280766691913,0.04854663511135385,0.3582741671217914,0.8465319497542326
