city,horizon,coverage80,coverage80_lo,coverage80_hi,sharpness80,sharpness80_lo,sharpness80_hi,ks_D,ks_p
Nansha,1,0.9790543662405667,0.9772062220853227,0.9811078597463936,23.244874687581664,23.11307074323486,23.396568818426058,0.16980102939573694,0.0
Nansha,2,0.8223728117459829,0.8172904153190615,0.828277889008676,27.592224706985775,27.408082149498277,27.77369836019431,0.16980102939573694,0.0
Nansha,3,0.8000410698701166,0.7946506494173212,0.8055341649982032,49.29692692253824,48.96017853299492,49.66833410481391,0.16980102939573694,0.0
Zhongshan,1,0.8215911159657746,0.818334445860388,0.8249286971296802,2.9107074069566155,2.902583934373937,2.9185259796500884,0.15742303744028746,0.0
Zhongshan,2,0.797439164997876,0.7940398891518499,0.8011418573133483,3.772575974545498,3.7624557421119196,3.7828502068466188,0.15742303744028746,0.0
Zhongshan,3,0.7979853146428788,0.7945860387968525,0.8014250460181646,3.949280766691913,3.938473265821241,3.960419742456147,0.15742303744028746,0.0
